{"cameraMode":{"drawMode":0,"name":"Shaded","section":"Shading Mode"},"sceneLighting":true,"audioPlay":false,"sceneViewState":{"m_AlwaysRefresh":false,"showFog":true,"showSkybox":true,"showFlares":true,"showImageEffects":true,"showParticleSystems":true,"showVisualEffectGraphs":true,"m_FxEnabled":true},"in2DMode":false,"pivot":{"x":0.2026233673095703,"y":1.8791507482528687,"z":-0.44191622734069826},"rotation":{"x":0.2785952091217041,"y":-0.014372047036886216,"z":0.004455924965441227,"w":0.9604911804199219},"size":5.7099480628967289,"orthographic":false}